{
  "id": "soulbound-ua",
  "title": "Age of Sigmar: Soulbound - Українська локалізація",
  "description": "Модуль української локалізації для системи Warhammer Age of Sigmar: Soulbound.",
  "version": "1.0.0",
  "manifest": "https://github.com/Burzhuys-dice/soulbound-ua/releases/latest/download/module.json",
  "download": "https://github.com/Burzhuys-dice/soulbound-ua/releases/download/1.0.0/module.zip",
  "compatibility": {
    "minimum": "11",
    "verified": "12"
  },
  "authors": [
    {
      "name": "Burzhuy",
      "flags": {}
    }
  ],
  "relationships": {
    "systems": [
      {
        "id": "age-of-sigmar-soulbound",
        "type": "system",
        "compatibility": {}
      }
    ]
  },
  "languages": [
    {
      "lang": "uk",
      "name": "Українська",
      "path": "lang/uk.json",
      "system": "age-of-sigmar-soulbound"
    }
  ],
  "flags": {}
}